{
  "water_priestess": {
    "quantity": 1,
    "x": [
      600
    ],
    "y": [
      600
    ]
  },
  "forest_wolf": {
    "quantity": 1,
    "x": [
      2400
    ],
    "y": [
      2600
    ]
  },
  "ronin": {
    "quantity": 1,
    "x": [
      450
    ],
    "y": [
      2100
    ]
  },
  "earth_monk": {
    "quantity": 1,
    "x": [
      2000
    ],
    "y": [
      200
    ]
  },
  "player": {
    "x": 1960.2622641531404,
    "y": 1829.1504862245897
  },
  "camera": {
    "x": -1515.6127701768842,
    "y": -1639.1924853165192,
    "map_size_x": 2880,
    "map_size_y": 2880
  }
}