{
  "water_priestess": {
    "quantity": 1,
    "x": [
      300
    ],
    "y": [
      1600
    ]
  },
  "forest_wolf": {
    "quantity": 1,
    "x": [
      1500
    ],
    "y": [
      3000
    ]
  },
  "player": {
    "x": 1716.2437028677923,
    "y": 3632.8623117560483
  },
  "camera": {
    "x": -1226.7347314084109,
    "y": -3231.562769724628,
    "map_size_x": 4800,
    "map_size_y": 4800
  }
}