{
  "water_priestess": {
    "quantity": 1,
    "x": [
      300
    ],
    "y": [
      1600
    ]
  },
  "forest_wolf": {
    "quantity": 1,
    "x": [
      2400
    ],
    "y": [
      4200
    ]
  },
  "player": {
    "x": 2922.2718739448887,
    "y": 4528.228691146741
  },
  "camera": {
    "x": -2418.1267032777682,
    "y": -4170.0,
    "map_size_x": 4800,
    "map_size_y": 4800
  }
}