{
  "water_priestess": {
    "quantity": 1,
    "x": [
      600
    ],
    "y": [
      600
    ]
  },
  "forest_wolf": {
    "quantity": 1,
    "x": [
      2400
    ],
    "y": [
      2600
    ]
  },
  "ronin": {
    "quantity": 1,
    "x": [
      450
    ],
    "y": [
      2100
    ]
  },
  "earth_monk": {
    "quantity": 1,
    "x": [
      2000
    ],
    "y": [
      200
    ]
  },
  "player": {
    "x": 1623.4204126676577,
    "y": 874.4979376203681
  },
  "camera": {
    "x": -1186.9196206427569,
    "y": -700.9856809889488,
    "map_size_x": 2880,
    "map_size_y": 2880
  }
}