{
  "water_priestess": {
    "quantity": 1,
    "x": [
      300
    ],
    "y": [
      1600
    ]
  },
  "forest_wolf": {
    "quantity": 1,
    "x": [
      2400
    ],
    "y": [
      4200
    ]
  },
  "player": {
    "x": 632.698824802401,
    "y": 851.6274376507077
  },
  "camera": {
    "x": -128.35972621949216,
    "y": -613.8237654757467,
    "map_size_x": 4800,
    "map_size_y": 4800
  }
}