{
  "water_priestess": {
    "quantity": 1,
    "x": [
      300
    ],
    "y": [
      1600
    ]
  },
  "forest_wolf": {
    "quantity": 1,
    "x": [
      2400
    ],
    "y": [
      4200
    ]
  },
  "player": {
    "x": 2447.5953338130284,
    "y": 1649.4123617443113
  },
  "camera": {
    "x": -1732.3160907931936,
    "y": -1260.320048040883,
    "map_size_x": 4800,
    "map_size_y": 4800
  }
}