{
  "water_priestess": {
    "quantity": 1,
    "x": [
      600
    ],
    "y": [
      600
    ]
  },
  "forest_wolf": {
    "quantity": 1,
    "x": [
      2400
    ],
    "y": [
      4200
    ]
  },
  "player": {
    "x": 3522.9398908513053,
    "y": 1046.4731502142938
  },
  "camera": {
    "x": -2958.4841992274296,
    "y": -666.3413484132419,
    "map_size_x": 4800,
    "map_size_y": 4800
  }
}