{
  "water_priestess": {
    "quantity": 1,
    "x": [
      300
    ],
    "y": [
      1600
    ]
  },
  "player": {
    "x": 863.4946196524211,
    "y": 1951.0840460372267
  },
  "camera": {
    "x": -373.0244984736172,
    "y": -1725.9696160213578,
    "map_size_x": 4800,
    "map_size_y": 4800
  }
}