{
  "camera": {
    "x": -600.0170787373468,
    "y": -1170.1606674396464,
    "map_size_x": 2880,
    "map_size_y": 2880
  },
  "entity.enemy.water_priestess": {
    "quantity": 1,
    "x": [
      600
    ],
    "y": [
      600
    ]
  },
  "entity.enemy.ronin": {
    "quantity": 1,
    "x": [
      450
    ],
    "y": [
      2100
    ]
  },
  "entity.enemy.forest_wolf": {
    "quantity": 2,
    "x": [
      2400,
      2600
    ],
    "y": [
      2600,
      2300
    ]
  },
  "entity.enemy.earth_monk": {
    "quantity": 1,
    "x": [
      2000
    ],
    "y": [
      200
    ]
  },
  "entity.player": {
    "x": 1194.4493105716415,
    "y": 1446.2215623192105
  },
  "entity.object.chest": {
    "quantity": 5,
    "x": [
      1400.0,
      120.0,
      330.0,
      2350.0,
      2670.0
    ],
    "y": [
      1400.0,
      700.0,
      2000.0,
      2550.0,
      150.0
    ],
    "opened": [
      true,
      false,
      false,
      false,
      false
    ],
    "item": [
      "item.hookax",
      "item",
      "item",
      "item",
      "item"
    ]
  }
}