{
  "water_priestess": {
    "quantity": 1,
    "x": [
      300
    ],
    "y": [
      1600
    ]
  },
  "player": {
    "x": 989.0618508296124,
    "y": 1000.3284553097556
  },
  "camera": {
    "x": -273.76521083911734,
    "y": -828.1793313971956,
    "map_size_x": 4800,
    "map_size_y": 4800
  }
}