{
  "camera": {
    "x": -1055.446232372985,
    "y": -926.1899147161438,
    "map_size_x": 2880,
    "map_size_y": 2880
  },
  "entity.enemy.water_priestess": {
    "quantity": 1,
    "x": [
      600
    ],
    "y": [
      600
    ]
  },
  "entity.enemy.ronin": {
    "quantity": 1,
    "x": [
      450
    ],
    "y": [
      2100
    ]
  },
  "entity.enemy.forest_wolf": {
    "quantity": 2,
    "x": [
      2400,
      2600
    ],
    "y": [
      2600,
      2300
    ]
  },
  "entity.enemy.earth_monk": {
    "quantity": 1,
    "x": [
      2000
    ],
    "y": [
      200
    ]
  },
  "entity.player": {
    "x": 1530.1250168894994,
    "y": 1211.7148585442794
  },
  "entity.object.chest": {
    "quantity": 1,
    "x": [
      1600
    ],
    "y": [
      1200
    ]
  }
}