{
  "water_priestess": {
    "quantity": 1,
    "x": [
      300
    ],
    "y": [
      1600
    ]
  },
  "forest_wolf": {
    "quantity": 1,
    "x": [
      2400
    ],
    "y": [
      4200
    ]
  },
  "player": {
    "x": 3583.369283827132,
    "y": 4435.639896775482
  },
  "camera": {
    "x": -2705.607169393823,
    "y": -4168.82415250718,
    "map_size_x": 4800,
    "map_size_y": 4800
  }
}