{
  "water_priestess": {
    "quantity": 1,
    "x": [
      300
    ],
    "y": [
      1600
    ]
  },
  "forest_wolf": {
    "quantity": 1,
    "x": [
      2400
    ],
    "y": [
      4200
    ]
  },
  "player": {
    "x": 3189.6739286934726,
    "y": 3603.5527246977845
  },
  "camera": {
    "x": -2769.5956931118444,
    "y": -3202.122966858294,
    "map_size_x": 4800,
    "map_size_y": 4800
  }
}