{
  "water_priestess": {
    "quantity": 1,
    "x": [
      600
    ],
    "y": [
      600
    ]
  },
  "forest_wolf": {
    "quantity": 1,
    "x": [
      2400
    ],
    "y": [
      2600
    ]
  },
  "ronin": {
    "quantity": 1,
    "x": [
      450
    ],
    "y": [
      2100
    ]
  },
  "earth_monk": {
    "quantity": 1,
    "x": [
      2000
    ],
    "y": [
      200
    ]
  },
  "player": {
    "x": 2197.833664560412,
    "y": 1096.5990413311463
  },
  "camera": {
    "x": -1760.0,
    "y": -803.4260071905968,
    "map_size_x": 2880,
    "map_size_y": 2880
  },
  "entity.object.chest": {
    "quantity": 1,
    "x": [
      300
    ],
    "y": [
      400
    ]
  },
  "entity.object": {
    "x": 300.0,
    "y": 400.0
  }
}