{
  "camera": {
    "x": -1023.7933447089213,
    "y": -1030.764490076486,
    "map_size_x": 2880,
    "map_size_y": 2880
  },
  "entity.enemy.water_priestess": {
    "quantity": 1,
    "x": [
      600
    ],
    "y": [
      600
    ]
  },
  "entity.enemy.ronin": {
    "quantity": 1,
    "x": [
      450
    ],
    "y": [
      2100
    ]
  },
  "entity.enemy.forest_wolf": {
    "quantity": 2,
    "x": [
      2400,
      2600
    ],
    "y": [
      2600,
      2300
    ]
  },
  "entity.enemy.earth_monk": {
    "quantity": 1,
    "x": [
      2000
    ],
    "y": [
      200
    ]
  },
  "entity.player": {
    "x": 1587.7888445175236,
    "y": 1431.4236769710906
  },
  "entity.object.chest": {
    "quantity": 1,
    "x": [
      1600
    ],
    "y": [
      1200
    ]
  }
}