{
  "water_priestess": {
    "quantity": 1,
    "x": [
      600
    ],
    "y": [
      600
    ]
  },
  "forest_wolf": {
    "quantity": 1,
    "x": [
      2400
    ],
    "y": [
      2600
    ]
  },
  "ronin": {
    "quantity": 1,
    "x": [
      500
    ],
    "y": [
      2200
    ]
  },
  "player": {
    "x": 1014.6172931503193,
    "y": 2421.8922084852784
  },
  "camera": {
    "x": -387.3417602259859,
    "y": -2019.9738492853135,
    "map_size_x": 2880,
    "map_size_y": 2880
  }
}