{
  "water_priestess": {
    "quantity": 1,
    "x": [
      600
    ],
    "y": [
      600
    ]
  },
  "forest_wolf": {
    "quantity": 1,
    "x": [
      2400
    ],
    "y": [
      2600
    ]
  },
  "ronin": {
    "quantity": 1,
    "x": [
      400
    ],
    "y": [
      2600
    ]
  },
  "player": {
    "x": 1073.0299202430435,
    "y": 2716.555087152411
  },
  "camera": {
    "x": -525.4247480471615,
    "y": -2250.0,
    "map_size_x": 2880,
    "map_size_y": 2880
  }
}