{
  "water_priestess": {
    "quantity": 1,
    "x": [
      600
    ],
    "y": [
      600
    ]
  },
  "forest_wolf": {
    "quantity": 1,
    "x": [
      2400
    ],
    "y": [
      2600
    ]
  },
  "ronin": {
    "quantity": 1,
    "x": [
      450
    ],
    "y": [
      2100
    ]
  },
  "earth_monk": {
    "quantity": 1,
    "x": [
      2000
    ],
    "y": [
      200
    ]
  },
  "player": {
    "x": 2081.3000898311725,
    "y": 544.142570257566
  },
  "camera": {
    "x": -1587.9609708889184,
    "y": -245.9904026793768,
    "map_size_x": 2880,
    "map_size_y": 2880
  }
}