{
  "water_priestess": {
    "quantity": 1,
    "x": [
      300
    ],
    "y": [
      1600
    ]
  },
  "player": {
    "x": 809.7379153730858,
    "y": 1738.624467083714
  },
  "camera": {
    "x": -154.1473033247682,
    "y": -1528.9633171142634,
    "map_size_x": 4800,
    "map_size_y": 4800
  }
}