{
  "water_priestess": {
    "quantity": 1,
    "x": [
      300
    ],
    "y": [
      1600
    ]
  },
  "forest_wolf": {
    "quantity": 1,
    "x": [
      2400
    ],
    "y": [
      4200
    ]
  },
  "player": {
    "x": 2957.8778011503005,
    "y": 4590.370722516004
  },
  "camera": {
    "x": -2425.8789224381135,
    "y": -4170.0,
    "map_size_x": 4800,
    "map_size_y": 4800
  }
}