{
  "water_priestess": {
    "quantity": 1,
    "x": [
      300
    ],
    "y": [
      1600
    ]
  },
  "player": {
    "x": 1162.6345101766515,
    "y": 2128.8102466329196
  },
  "camera": {
    "x": -351.76161607196406,
    "y": -1788.3560995071684,
    "map_size_x": 4800,
    "map_size_y": 4800
  }
}