{
  "water_priestess": {
    "quantity": 1,
    "x": [
      600
    ],
    "y": [
      600
    ]
  },
  "forest_wolf": {
    "quantity": 1,
    "x": [
      2400
    ],
    "y": [
      4200
    ]
  },
  "player": {
    "x": 3817.3886303105432,
    "y": 1597.0115687193029
  },
  "camera": {
    "x": -3082.6316798492644,
    "y": -1298.659996107513,
    "map_size_x": 4800,
    "map_size_y": 4800
  }
}