{
  "water_priestess": {
    "quantity": 1,
    "x": [
      600
    ],
    "y": [
      600
    ]
  },
  "forest_wolf": {
    "quantity": 1,
    "x": [
      2400
    ],
    "y": [
      4200
    ]
  },
  "player": {
    "x": 1546.4443840020954,
    "y": 1365.968035806071
  },
  "camera": {
    "x": -1120.6529379177673,
    "y": -985.061699903567,
    "map_size_x": 4800,
    "map_size_y": 4800
  }
}