{
  "water_priestess": {
    "quantity": 1,
    "x": [
      600
    ],
    "y": [
      600
    ]
  },
  "forest_wolf": {
    "quantity": 1,
    "x": [
      2400
    ],
    "y": [
      2600
    ]
  },
  "ronin": {
    "quantity": 1,
    "x": [
      450
    ],
    "y": [
      2100
    ]
  },
  "earth_monk": {
    "quantity": 1,
    "x": [
      2000
    ],
    "y": [
      200
    ]
  },
  "camera": {
    "x": -494.3344389312123,
    "y": -2.2556061173418422,
    "map_size_x": 2880,
    "map_size_y": 2880
  },
  "entity.object.chest": {
    "quantity": 0,
    "x": [],
    "y": []
  },
  "entity.object": {
    "x": 300.0,
    "y": 400.0
  },
  "entity.player": {
    "x": 1268.3620478343319,
    "y": 391.28090229259374
  }
}