{
  "water_priestess": {
    "quantity": 1,
    "x": [
      300
    ],
    "y": [
      1600
    ]
  },
  "player": {
    "x": 543.0775591358131,
    "y": 2611.703939916801
  },
  "camera": {
    "x": -97.83914759756709,
    "y": -2210.794932630907,
    "map_size_x": 4800,
    "map_size_y": 4800
  }
}