{
  "water_priestess": {
    "quantity": 1,
    "x": [
      300
    ],
    "y": [
      1600
    ]
  },
  "player": {
    "x": 617.4367655691821,
    "y": 1442.6448906729704
  },
  "camera": {
    "x": 0.0,
    "y": -1172.9334437784626,
    "map_size_x": 4800,
    "map_size_y": 4800
  }
}