{
  "water_priestess": {
    "quantity": 1,
    "x": [
      600
    ],
    "y": [
      600
    ]
  },
  "forest_wolf": {
    "quantity": 1,
    "x": [
      2400
    ],
    "y": [
      2600
    ]
  },
  "ronin": {
    "quantity": 1,
    "x": [
      450
    ],
    "y": [
      2100
    ]
  },
  "earth_monk": {
    "quantity": 1,
    "x": [
      2000
    ],
    "y": [
      200
    ]
  },
  "player": {
    "x": 1567.5565231301975,
    "y": 1403.520313530562
  },
  "camera": {
    "x": -1146.2486870897283,
    "y": -1084.5148750058206,
    "map_size_x": 2880,
    "map_size_y": 2880
  }
}