{
  "camera": {
    "x": -1417.691477784067,
    "y": -137.2399079866881,
    "map_size_x": 2880,
    "map_size_y": 2880
  },
  "entity.enemy.water_priestess": {
    "quantity": 1,
    "x": [
      600
    ],
    "y": [
      600
    ]
  },
  "entity.enemy.ronin": {
    "quantity": 1,
    "x": [
      450
    ],
    "y": [
      2100
    ]
  },
  "entity.enemy.forest_wolf": {
    "quantity": 2,
    "x": [
      2400,
      2600
    ],
    "y": [
      2600,
      2300
    ]
  },
  "entity.enemy.earth_monk": {
    "quantity": 1,
    "x": [
      2000
    ],
    "y": [
      200
    ]
  },
  "entity.player": {
    "x": 1798.0301179469052,
    "y": 435.4500784933913
  },
  "entity.object.chest": {
    "quantity": 2,
    "x": [
      2000.0,
      2000.0
    ],
    "y": [
      150.0,
      300.0
    ],
    "opened": [
      false,
      false
    ]
  }
}