{
  "water_priestess": {
    "quantity": 1,
    "x": [
      300
    ],
    "y": [
      1600
    ]
  },
  "forest_wolf": {
    "quantity": 1,
    "x": [
      2400
    ],
    "y": [
      4200
    ]
  },
  "player": {
    "x": 468.7782972334213,
    "y": 1384.4898871668636
  },
  "camera": {
    "x": -294.3688610535599,
    "y": -1159.00165137767,
    "map_size_x": 4800,
    "map_size_y": 4800
  }
}