{
  "water_priestess": {
    "quantity": 1,
    "x": [
      600
    ],
    "y": [
      600
    ]
  },
  "forest_wolf": {
    "quantity": 1,
    "x": [
      2400
    ],
    "y": [
      2600
    ]
  },
  "ronin": {
    "quantity": 1,
    "x": [
      400
    ],
    "y": [
      2600
    ]
  },
  "player": {
    "x": 787.1930486918795,
    "y": 2693.5257343054395
  },
  "camera": {
    "x": -251.93148182973357,
    "y": -2250.0,
    "map_size_x": 2880,
    "map_size_y": 2880
  }
}