{
  "water_priestess": {
    "quantity": 1,
    "x": [
      300
    ],
    "y": [
      1600
    ]
  },
  "forest_wolf": {
    "quantity": 1,
    "x": [
      1500
    ],
    "y": [
      3000
    ]
  },
  "player": {
    "x": 1499.9505677569678,
    "y": 2988.2370742242324
  },
  "camera": {
    "x": -1223.0797546865035,
    "y": -2659.6026422040745,
    "map_size_x": 4800,
    "map_size_y": 4800
  }
}