{
  "water_priestess": {
    "quantity": 1,
    "x": [
      600
    ],
    "y": [
      600
    ]
  },
  "forest_wolf": {
    "quantity": 1,
    "x": [
      2400
    ],
    "y": [
      2600
    ]
  },
  "ronin": {
    "quantity": 1,
    "x": [
      450
    ],
    "y": [
      2100
    ]
  },
  "earth_monk": {
    "quantity": 1,
    "x": [
      2000
    ],
    "y": [
      200
    ]
  },
  "player": {
    "x": 2248.3030443964644,
    "y": 2294.9229628129833
  },
  "camera": {
    "x": -1681.1962589281359,
    "y": -1982.3354547459858,
    "map_size_x": 2880,
    "map_size_y": 2880
  }
}