{
  "water_priestess": {
    "quantity": 1,
    "x": [
      300
    ],
    "y": [
      1600
    ]
  },
  "player": {
    "x": 2076.864246574922,
    "y": 3009.1915684648357
  },
  "camera": {
    "x": -1462.1021873691495,
    "y": -2607.4689914263836,
    "map_size_x": 4800,
    "map_size_y": 4800
  }
}