{
  "water_priestess": {
    "quantity": 1,
    "x": [
      300
    ],
    "y": [
      1600
    ]
  },
  "player": {
    "x": 434.1476774252931,
    "y": 4069.478448939635
  },
  "camera": {
    "x": 0.0,
    "y": -3668.161387237939,
    "map_size_x": 4800,
    "map_size_y": 4800
  }
}