{
  "water_priestess": {
    "quantity": 1,
    "x": [
      300
    ],
    "y": [
      1600
    ]
  },
  "forest_wolf": {
    "quantity": 1,
    "x": [
      2400
    ],
    "y": [
      4200
    ]
  },
  "player": {
    "x": 3178.2285870930173,
    "y": 4436.120557411627
  },
  "camera": {
    "x": -2625.9494613849542,
    "y": -4170.0,
    "map_size_x": 4800,
    "map_size_y": 4800
  }
}