{
  "water_priestess": {
    "quantity": 1,
    "x": [
      300
    ],
    "y": [
      1600
    ]
  },
  "forest_wolf": {
    "quantity": 1,
    "x": [
      2400
    ],
    "y": [
      4200
    ]
  },
  "player": {
    "x": 2416.368826519092,
    "y": 2009.4452525133665
  },
  "camera": {
    "x": -1916.8760103347238,
    "y": -1608.4875844097949,
    "map_size_x": 4800,
    "map_size_y": 4800
  }
}