{
  "water_priestess": {
    "quantity": 1,
    "x": [
      300
    ],
    "y": [
      1600
    ]
  },
  "player": {
    "x": 1100.6207408243165,
    "y": 1524.8382582829481
  },
  "camera": {
    "x": -568.5476684929048,
    "y": -1123.164820236924,
    "map_size_x": 4800,
    "map_size_y": 4800
  }
}