{
  "camera": {
    "x": -1677.1513333676598,
    "y": -82.8888042297362,
    "map_size_x": 2880,
    "map_size_y": 2880
  },
  "entity.enemy.water_priestess": {
    "quantity": 1,
    "x": [
      600
    ],
    "y": [
      600
    ]
  },
  "entity.enemy.ronin": {
    "quantity": 1,
    "x": [
      450
    ],
    "y": [
      2100
    ]
  },
  "entity.enemy.forest_wolf": {
    "quantity": 2,
    "x": [
      2400,
      2600
    ],
    "y": [
      2600,
      2300
    ]
  },
  "entity.enemy.earth_monk": {
    "quantity": 1,
    "x": [
      2000
    ],
    "y": [
      200
    ]
  },
  "entity.player": {
    "x": 2307.589880945361,
    "y": 256.6666668900558
  },
  "entity.object.chest": {
    "quantity": 4,
    "x": [
      300.0,
      350.0,
      2400.0,
      2250.0
    ],
    "y": [
      700.0,
      2000.0,
      2500.0,
      400.0
    ],
    "opened": [
      false,
      false,
      false,
      false
    ],
    "item": [
      "item",
      "item",
      "item.hookax",
      "item"
    ]
  }
}