{
  "camera": {
    "x": -1412.5032475903897,
    "y": -30.542004867294168,
    "map_size_x": 2880,
    "map_size_y": 2880
  },
  "entity.enemy.water_priestess": {
    "quantity": 1,
    "x": [
      600
    ],
    "y": [
      600
    ]
  },
  "entity.enemy.ronin": {
    "quantity": 1,
    "x": [
      450
    ],
    "y": [
      2100
    ]
  },
  "entity.enemy.forest_wolf": {
    "quantity": 2,
    "x": [
      2400,
      2600
    ],
    "y": [
      2600,
      2300
    ]
  },
  "entity.enemy.earth_monk": {
    "quantity": 1,
    "x": [
      2000
    ],
    "y": [
      200
    ]
  },
  "entity.player": {
    "x": 1948.3433590011714,
    "y": 203.60975400565243
  },
  "entity.object.chest": {
    "quantity": 5,
    "x": [
      1400.0,
      300.0,
      350.0,
      2700.0,
      2100.0
    ],
    "y": [
      1400.0,
      650.0,
      2000.0,
      100.0,
      2400.0
    ],
    "opened": [
      true,
      true,
      true,
      true,
      true
    ],
    "item": [
      "item.hookax",
      "item",
      "item",
      "item",
      "item"
    ]
  }
}