{
  "water_priestess": {
    "quantity": 1,
    "x": [
      600
    ],
    "y": [
      600
    ]
  },
  "forest_wolf": {
    "quantity": 1,
    "x": [
      2400
    ],
    "y": [
      2600
    ]
  },
  "ronin": {
    "quantity": 1,
    "x": [
      450
    ],
    "y": [
      2100
    ]
  },
  "earth_monk": {
    "quantity": 1,
    "x": [
      2000
    ],
    "y": [
      200
    ]
  },
  "player": {
    "x": 701.2385007682869,
    "y": 1544.2120617640855
  },
  "camera": {
    "x": -9.229440771820752,
    "y": -1258.0883795510292,
    "map_size_x": 2880,
    "map_size_y": 2880
  }
}